data,date
-0.025,2016/7/1 2:13
-0.02,2016/7/1 2:13
-0.015,2016/7/1 2:13
-0.015,2016/7/1 2:13
-0.015,2016/7/1 2:13
-0.02,2016/7/1 2:13
-0.025,2016/7/1 2:13
-0.035,2016/7/1 2:13
-0.04,2016/7/1 2:13
-0.05,2016/7/1 2:13
-0.06,2016/7/1 2:13
-0.065,2016/7/1 2:13
-0.07,2016/7/1 2:13
-0.07,2016/7/1 2:13
-0.07,2016/7/1 2:13
-0.065,2016/7/1 2:13
-0.06,2016/7/1 2:13
-0.05,2016/7/1 2:13
-0.04,2016/7/1 2:13
-0.035,2016/7/1 2:13
-0.03,2016/7/1 2:13
-0.025,2016/7/1 2:13
-0.02,2016/7/1 2:13
-0.02,2016/7/1 2:13
-0.02,2016/7/1 2:13
-0.02,2016/7/1 2:13
-0.02,2016/7/1 2:13
-0.02,2016/7/1 2:13
-0.025,2016/7/1 2:13
-0.025,2016/7/1 2:13
-0.03,2016/7/1 2:13
-0.035,2016/7/1 2:13
-0.045,2016/7/1 2:13
-0.055,2016/7/1 2:13
-0.06,2016/7/1 2:13
-0.07,2016/7/1 2:13
-0.075,2016/7/1 2:13
-0.075,2016/7/1 2:13
-0.07,2016/7/1 2:13
-0.06,2016/7/1 2:13
-0.055,2016/7/1 2:14
-0.045,2016/7/1 2:14
-0.035,2016/7/1 2:14
-0.03,2016/7/1 2:14
-0.03,2016/7/1 2:14
-0.03,2016/7/1 2:14
-0.035,2016/7/1 2:14
-0.045,2016/7/1 2:14
-0.05,2016/7/1 2:14
-0.055,2016/7/1 2:14
-0.055,2016/7/1 2:14
-0.055,2016/7/1 2:14
-0.05,2016/7/1 2:14
-0.045,2016/7/1 2:14
-0.045,2016/7/1 2:14
-0.04,2016/7/1 2:14
-0.04,2016/7/1 2:14
-0.04,2016/7/1 2:14
-0.045,2016/7/1 2:14
-0.045,2016/7/1 2:14
-0.045,2016/7/1 2:14
-0.045,2016/7/1 2:14
-0.04,2016/7/1 2:14
-0.035,2016/7/1 2:14
-0.03,2016/7/1 2:14
-0.03,2016/7/1 2:14
-0.025,2016/7/1 2:14
-0.03,2016/7/1 2:14
-0.035,2016/7/1 2:14
-0.04,2016/7/1 2:14
-0.045,2016/7/1 2:14
-0.05,2016/7/1 2:14
-0.055,2016/7/1 2:14
-0.06,2016/7/1 2:14
-0.06,2016/7/1 2:14
-0.06,2016/7/1 2:14
-0.06,2016/7/1 2:14
-0.055,2016/7/1 2:14
-0.055,2016/7/1 2:14
-0.05,2016/7/1 2:14
-0.045,2016/7/1 2:14
-0.045,2016/7/1 2:14
-0.04,2016/7/1 2:14
-0.04,2016/7/1 2:14
-0.035,2016/7/1 2:14
-0.035,2016/7/1 2:14
-0.03,2016/7/1 2:14
-0.03,2016/7/1 2:14
-0.025,2016/7/1 2:14
-0.025,2016/7/1 2:14
-0.025,2016/7/1 2:14
-0.025,2016/7/1 2:14
-0.025,2016/7/1 2:14
-0.025,2016/7/1 2:14
-0.025,2016/7/1 2:14
-0.025,2016/7/1 2:14
-0.025,2016/7/1 2:14
-0.02,2016/7/1 2:14
-0.01,2016/7/1 2:14
-0.005,2016/7/1 2:14
0.005,2016/7/1 2:15
0.01,2016/7/1 2:15
0.015,2016/7/1 2:15
0.015,2016/7/1 2:15
0.01,2016/7/1 2:15
0,2016/7/1 2:15
-0.01,2016/7/1 2:15
-0.02,2016/7/1 2:15
-0.025,2016/7/1 2:15
-0.03,2016/7/1 2:15
-0.03,2016/7/1 2:15
-0.025,2016/7/1 2:15
-0.02,2016/7/1 2:15
-0.01,2016/7/1 2:15
0,2016/7/1 2:15
0.005,2016/7/1 2:15
0,2016/7/1 2:15
-0.005,2016/7/1 2:15
-0.015,2016/7/1 2:15
-0.025,2016/7/1 2:15
-0.04,2016/7/1 2:15
-0.055,2016/7/1 2:15
-0.065,2016/7/1 2:15
-0.075,2016/7/1 2:15
-0.075,2016/7/1 2:15
-0.075,2016/7/1 2:15
-0.075,2016/7/1 2:15
-0.07,2016/7/1 2:15
-0.07,2016/7/1 2:15
-0.065,2016/7/1 2:15
-0.065,2016/7/1 2:15
-0.07,2016/7/1 2:15
-0.07,2016/7/1 2:15
-0.075,2016/7/1 2:15
-0.08,2016/7/1 2:15
-0.085,2016/7/1 2:15
-0.085,2016/7/1 2:15
-0.085,2016/7/1 2:15
-0.085,2016/7/1 2:15
-0.085,2016/7/1 2:15
-0.08,2016/7/1 2:15
-0.08,2016/7/1 2:15
-0.075,2016/7/1 2:15
-0.075,2016/7/1 2:15
-0.075,2016/7/1 2:15
-0.075,2016/7/1 2:15
-0.075,2016/7/1 2:15
-0.075,2016/7/1 2:15
-0.075,2016/7/1 2:15
-0.075,2016/7/1 2:15
-0.07,2016/7/1 2:15
-0.065,2016/7/1 2:15
-0.06,2016/7/1 2:15
-0.055,2016/7/1 2:15
-0.05,2016/7/1 2:15
-0.05,2016/7/1 2:15
-0.055,2016/7/1 2:15
-0.06,2016/7/1 2:15
-0.07,2016/7/1 2:15
-0.085,2016/7/1 2:15
-0.105,2016/7/1 2:16
-0.12,2016/7/1 2:16
-0.135,2016/7/1 2:16
-0.15,2016/7/1 2:16
-0.155,2016/7/1 2:16
-0.145,2016/7/1 2:16
-0.125,2016/7/1 2:16
-0.09,2016/7/1 2:16
-0.04,2016/7/1 2:16
0.035,2016/7/1 2:16
0.13,2016/7/1 2:16
0.24,2016/7/1 2:16
0.365,2016/7/1 2:16
0.495,2016/7/1 2:16
0.62,2016/7/1 2:16
0.735,2016/7/1 2:16
0.825,2016/7/1 2:16
0.88,2016/7/1 2:16
0.895,2016/7/1 2:16
0.86,2016/7/1 2:16
0.785,2016/7/1 2:16
0.67,2016/7/1 2:16
0.535,2016/7/1 2:16
0.385,2016/7/1 2:16
0.245,2016/7/1 2:16
0.12,2016/7/1 2:16
0.02,2016/7/1 2:16
-0.045,2016/7/1 2:16
-0.075,2016/7/1 2:16
-0.08,2016/7/1 2:16
-0.07,2016/7/1 2:16
-0.05,2016/7/1 2:16
-0.025,2016/7/1 2:16
-0.015,2016/7/1 2:16
-0.01,2016/7/1 2:16
-0.02,2016/7/1 2:16
-0.035,2016/7/1 2:16
-0.055,2016/7/1 2:16
-0.075,2016/7/1 2:16
-0.09,2016/7/1 2:16
-0.1,2016/7/1 2:16
-0.105,2016/7/1 2:16
-0.105,2016/7/1 2:16
-0.095,2016/7/1 2:16
-0.085,2016/7/1 2:16
-0.075,2016/7/1 2:16
-0.065,2016/7/1 2:16
-0.055,2016/7/1 2:16
-0.05,2016/7/1 2:16
-0.05,2016/7/1 2:16
-0.05,2016/7/1 2:16
-0.05,2016/7/1 2:16
-0.05,2016/7/1 2:16
-0.055,2016/7/1 2:16
-0.06,2016/7/1 2:16
-0.06,2016/7/1 2:16
-0.065,2016/7/1 2:16
-0.07,2016/7/1 2:16
-0.08,2016/7/1 2:16
-0.085,2016/7/1 2:16
-0.085,2016/7/1 2:17
-0.09,2016/7/1 2:17
-0.09,2016/7/1 2:17
-0.085,2016/7/1 2:17
-0.08,2016/7/1 2:17
-0.075,2016/7/1 2:17
-0.065,2016/7/1 2:17
-0.06,2016/7/1 2:17
-0.05,2016/7/1 2:17
-0.05,2016/7/1 2:17
-0.05,2016/7/1 2:17
-0.05,2016/7/1 2:17
-0.06,2016/7/1 2:17
-0.065,2016/7/1 2:17
-0.075,2016/7/1 2:17
-0.08,2016/7/1 2:17
-0.08,2016/7/1 2:17
-0.08,2016/7/1 2:17
-0.075,2016/7/1 2:17
-0.07,2016/7/1 2:17
-0.065,2016/7/1 2:17
-0.06,2016/7/1 2:17
-0.055,2016/7/1 2:17
-0.05,2016/7/1 2:17
-0.05,2016/7/1 2:17
-0.05,2016/7/1 2:17
-0.05,2016/7/1 2:17
-0.045,2016/7/1 2:17
-0.045,2016/7/1 2:17
-0.04,2016/7/1 2:17
-0.035,2016/7/1 2:17
-0.03,2016/7/1 2:17
-0.025,2016/7/1 2:17
-0.025,2016/7/1 2:17
-0.03,2016/7/1 2:17
-0.03,2016/7/1 2:17
-0.035,2016/7/1 2:17
-0.04,2016/7/1 2:17
-0.04,2016/7/1 2:17
-0.04,2016/7/1 2:17
-0.04,2016/7/1 2:17
-0.035,2016/7/1 2:17
-0.025,2016/7/1 2:17
-0.015,2016/7/1 2:17
-0.005,2016/7/1 2:17
0.01,2016/7/1 2:17
0.02,2016/7/1 2:17
0.025,2016/7/1 2:17
0.025,2016/7/1 2:17
0.025,2016/7/1 2:17
0.015,2016/7/1 2:17
0.01,2016/7/1 2:17
0,2016/7/1 2:17
-0.01,2016/7/1 2:17
-0.01,2016/7/1 2:17
-0.005,2016/7/1 2:17
0.005,2016/7/1 2:17
0.02,2016/7/1 2:17
0.035,2016/7/1 2:17
0.05,2016/7/1 2:17
0.06,2016/7/1 2:18
0.065,2016/7/1 2:18
0.06,2016/7/1 2:18
0.055,2016/7/1 2:18
0.05,2016/7/1 2:18
0.045,2016/7/1 2:18
0.045,2016/7/1 2:18
0.05,2016/7/1 2:18
0.055,2016/7/1 2:18
0.07,2016/7/1 2:18
0.08,2016/7/1 2:18
0.09,2016/7/1 2:18
0.1,2016/7/1 2:18
0.1,2016/7/1 2:18
0.1,2016/7/1 2:18
0.105,2016/7/1 2:18
0.11,2016/7/1 2:18
0.115,2016/7/1 2:18
0.13,2016/7/1 2:18
0.145,2016/7/1 2:18
0.16,2016/7/1 2:18
0.17,2016/7/1 2:18
0.175,2016/7/1 2:18
0.175,2016/7/1 2:18
0.165,2016/7/1 2:18
0.16,2016/7/1 2:18
0.15,2016/7/1 2:18
0.145,2016/7/1 2:18
0.15,2016/7/1 2:18
0.155,2016/7/1 2:18
0.17,2016/7/1 2:18
0.18,2016/7/1 2:18
0.195,2016/7/1 2:18
0.2,2016/7/1 2:18
0.2,2016/7/1 2:18
0.195,2016/7/1 2:18
0.185,2016/7/1 2:18
0.17,2016/7/1 2:18
0.155,2016/7/1 2:18
0.145,2016/7/1 2:18
0.13,2016/7/1 2:18
0.125,2016/7/1 2:18
0.115,2016/7/1 2:18
0.11,2016/7/1 2:18
0.105,2016/7/1 2:18
0.095,2016/7/1 2:18
0.085,2016/7/1 2:18
0.075,2016/7/1 2:18
0.06,2016/7/1 2:18
0.05,2016/7/1 2:18
0.04,2016/7/1 2:18
0.03,2016/7/1 2:18
0.02,2016/7/1 2:18
0.015,2016/7/1 2:18
0.01,2016/7/1 2:18
0.005,2016/7/1 2:18
0,2016/7/1 2:18
0,2016/7/1 2:18
-0.005,2016/7/1 2:18
-0.015,2016/7/1 2:18
-0.02,2016/7/1 2:19
-0.03,2016/7/1 2:19
-0.04,2016/7/1 2:19
-0.05,2016/7/1 2:19
-0.055,2016/7/1 2:19
-0.065,2016/7/1 2:19
-0.065,2016/7/1 2:19
-0.065,2016/7/1 2:19
-0.06,2016/7/1 2:19
-0.055,2016/7/1 2:19
-0.05,2016/7/1 2:19
-0.05,2016/7/1 2:19
-0.05,2016/7/1 2:19
-0.055,2016/7/1 2:19
-0.06,2016/7/1 2:19
-0.065,2016/7/1 2:19
-0.07,2016/7/1 2:19
-0.075,2016/7/1 2:19
-0.075,2016/7/1 2:19
-0.08,2016/7/1 2:19
-0.08,2016/7/1 2:19
-0.08,2016/7/1 2:19
-0.08,2016/7/1 2:19
-0.08,2016/7/1 2:19
-0.085,2016/7/1 2:19
-0.085,2016/7/1 2:19
-0.085,2016/7/1 2:19
-0.085,2016/7/1 2:19
-0.08,2016/7/1 2:19
-0.07,2016/7/1 2:19
-0.065,2016/7/1 2:19
-0.055,2016/7/1 2:19
-0.045,2016/7/1 2:19
-0.045,2016/7/1 2:19
-0.045,2016/7/1 2:19
-0.05,2016/7/1 2:19
-0.055,2016/7/1 2:19
-0.065,2016/7/1 2:19
-0.07,2016/7/1 2:19
-0.075,2016/7/1 2:19
-0.08,2016/7/1 2:19
-0.075,2016/7/1 2:19
-0.07,2016/7/1 2:19
-0.065,2016/7/1 2:19
-0.06,2016/7/1 2:19
-0.055,2016/7/1 2:19
-0.05,2016/7/1 2:19
-0.05,2016/7/1 2:19
-0.055,2016/7/1 2:19
-0.055,2016/7/1 2:19
-0.06,2016/7/1 2:19
-0.065,2016/7/1 2:19
-0.065,2016/7/1 2:19
-0.06,2016/7/1 2:19
-0.06,2016/7/1 2:19
-0.055,2016/7/1 2:19
-0.055,2016/7/1 2:19
-0.05,2016/7/1 2:19
-0.055,2016/7/1 2:19
-0.055,2016/7/1 2:19
-0.06,2016/7/1 2:20
-0.065,2016/7/1 2:20
-0.065,2016/7/1 2:20
-0.065,2016/7/1 2:20
-0.06,2016/7/1 2:20
-0.055,2016/7/1 2:20
-0.045,2016/7/1 2:20
-0.035,2016/7/1 2:20
-0.03,2016/7/1 2:20
-0.025,2016/7/1 2:20
-0.025,2016/7/1 2:20
-0.03,2016/7/1 2:20
-0.035,2016/7/1 2:20
-0.045,2016/7/1 2:20
-0.05,2016/7/1 2:20
-0.05,2016/7/1 2:20
-0.05,2016/7/1 2:20
-0.05,2016/7/1 2:20
-0.045,2016/7/1 2:20
-0.04,2016/7/1 2:20
-0.035,2016/7/1 2:20
-0.035,2016/7/1 2:20
-0.035,2016/7/1 2:20
-0.04,2016/7/1 2:20
-0.05,2016/7/1 2:20
-0.055,2016/7/1 2:20
-0.06,2016/7/1 2:20
-0.065,2016/7/1 2:20
-0.06,2016/7/1 2:20
-0.06,2016/7/1 2:20
-0.055,2016/7/1 2:20
-0.055,2016/7/1 2:20
-0.05,2016/7/1 2:20
-0.05,2016/7/1 2:20
-0.05,2016/7/1 2:20
-0.05,2016/7/1 2:20
-0.05,2016/7/1 2:20
-0.05,2016/7/1 2:20
-0.045,2016/7/1 2:20
-0.04,2016/7/1 2:20
-0.04,2016/7/1 2:20
-0.04,2016/7/1 2:20
-0.045,2016/7/1 2:20
-0.05,2016/7/1 2:20
-0.055,2016/7/1 2:20
-0.06,2016/7/1 2:20
-0.065,2016/7/1 2:20
-0.065,2016/7/1 2:20
-0.065,2016/7/1 2:20
-0.06,2016/7/1 2:20
-0.05,2016/7/1 2:20
-0.04,2016/7/1 2:20
-0.035,2016/7/1 2:20
-0.03,2016/7/1 2:20
-0.03,2016/7/1 2:20
-0.035,2016/7/1 2:20
-0.045,2016/7/1 2:20
-0.05,2016/7/1 2:20
-0.06,2016/7/1 2:20
-0.06,2016/7/1 2:20
-0.06,2016/7/1 2:21
-0.055,2016/7/1 2:21
-0.05,2016/7/1 2:21
-0.045,2016/7/1 2:21
-0.04,2016/7/1 2:21
-0.04,2016/7/1 2:21
-0.045,2016/7/1 2:21
-0.05,2016/7/1 2:21
-0.055,2016/7/1 2:21
-0.06,2016/7/1 2:21
-0.06,2016/7/1 2:21
-0.055,2016/7/1 2:21
-0.05,2016/7/1 2:21
-0.045,2016/7/1 2:21
-0.04,2016/7/1 2:21
-0.035,2016/7/1 2:21
-0.03,2016/7/1 2:21
-0.035,2016/7/1 2:21
-0.04,2016/7/1 2:21
-0.045,2016/7/1 2:21
-0.055,2016/7/1 2:21
-0.06,2016/7/1 2:21
-0.065,2016/7/1 2:21
-0.06,2016/7/1 2:21
-0.06,2016/7/1 2:21
-0.055,2016/7/1 2:21
-0.05,2016/7/1 2:21
-0.045,2016/7/1 2:21
-0.045,2016/7/1 2:21
-0.045,2016/7/1 2:21
-0.045,2016/7/1 2:21
-0.05,2016/7/1 2:21
-0.055,2016/7/1 2:21
-0.055,2016/7/1 2:21
-0.055,2016/7/1 2:21
-0.055,2016/7/1 2:21
-0.05,2016/7/1 2:21
-0.045,2016/7/1 2:21
-0.045,2016/7/1 2:21
-0.045,2016/7/1 2:21
-0.045,2016/7/1 2:21
-0.05,2016/7/1 2:21
-0.055,2016/7/1 2:21
-0.055,2016/7/1 2:21
-0.055,2016/7/1 2:21
-0.055,2016/7/1 2:21
-0.05,2016/7/1 2:21
-0.045,2016/7/1 2:21
-0.04,2016/7/1 2:21
-0.035,2016/7/1 2:21
-0.035,2016/7/1 2:21
-0.035,2016/7/1 2:21
-0.04,2016/7/1 2:21
-0.04,2016/7/1 2:21
-0.045,2016/7/1 2:21
-0.05,2016/7/1 2:21
-0.05,2016/7/1 2:21
-0.045,2016/7/1 2:21
-0.035,2016/7/1 2:21
-0.025,2016/7/1 2:21
-0.02,2016/7/1 2:22
-0.01,2016/7/1 2:22
0,2016/7/1 2:22
0.005,2016/7/1 2:22
0.005,2016/7/1 2:22
0.005,2016/7/1 2:22
0.005,2016/7/1 2:22
0.005,2016/7/1 2:22
0.005,2016/7/1 2:22
0.01,2016/7/1 2:22
0.01,2016/7/1 2:22
0.01,2016/7/1 2:22
0.015,2016/7/1 2:22
0.015,2016/7/1 2:22
0.015,2016/7/1 2:22
0.01,2016/7/1 2:22
0.005,2016/7/1 2:22
0,2016/7/1 2:22
-0.01,2016/7/1 2:22
-0.015,2016/7/1 2:22
-0.025,2016/7/1 2:22
-0.03,2016/7/1 2:22
-0.035,2016/7/1 2:22
-0.035,2016/7/1 2:22
-0.035,2016/7/1 2:22
-0.035,2016/7/1 2:22
-0.04,2016/7/1 2:22
-0.04,2016/7/1 2:22
-0.045,2016/7/1 2:22
-0.05,2016/7/1 2:22
-0.06,2016/7/1 2:22
-0.065,2016/7/1 2:22
-0.07,2016/7/1 2:22
-0.075,2016/7/1 2:22
-0.075,2016/7/1 2:22
-0.07,2016/7/1 2:22
-0.07,2016/7/1 2:22
-0.065,2016/7/1 2:22
-0.065,2016/7/1 2:22
-0.065,2016/7/1 2:22
-0.07,2016/7/1 2:22
-0.075,2016/7/1 2:22
-0.075,2016/7/1 2:22
-0.08,2016/7/1 2:22
-0.08,2016/7/1 2:22
-0.075,2016/7/1 2:22
-0.075,2016/7/1 2:22
-0.065,2016/7/1 2:22
-0.06,2016/7/1 2:22
-0.06,2016/7/1 2:22
-0.06,2016/7/1 2:22
-0.06,2016/7/1 2:22
-0.065,2016/7/1 2:22
-0.07,2016/7/1 2:22
-0.07,2016/7/1 2:22
-0.07,2016/7/1 2:22
-0.07,2016/7/1 2:22
-0.065,2016/7/1 2:22
-0.06,2016/7/1 2:22
-0.05,2016/7/1 2:22
-0.05,2016/7/1 2:23
-0.05,2016/7/1 2:23
-0.055,2016/7/1 2:23
-0.06,2016/7/1 2:23
-0.07,2016/7/1 2:23
-0.08,2016/7/1 2:23
-0.09,2016/7/1 2:23
-0.1,2016/7/1 2:23
-0.105,2016/7/1 2:23
-0.11,2016/7/1 2:23
-0.115,2016/7/1 2:23
-0.115,2016/7/1 2:23
-0.11,2016/7/1 2:23
-0.105,2016/7/1 2:23
-0.085,2016/7/1 2:23
-0.05,2016/7/1 2:23
0.005,2016/7/1 2:23
0.085,2016/7/1 2:23
0.18,2016/7/1 2:23
0.3,2016/7/1 2:23
0.435,2016/7/1 2:23
0.57,2016/7/1 2:23
0.7,2016/7/1 2:23
0.81,2016/7/1 2:23
0.89,2016/7/1 2:23
0.93,2016/7/1 2:23
0.93,2016/7/1 2:23
0.88,2016/7/1 2:23
0.79,2016/7/1 2:23
0.67,2016/7/1 2:23
0.53,2016/7/1 2:23
0.39,2016/7/1 2:23
0.25,2016/7/1 2:23
0.135,2016/7/1 2:23
0.045,2016/7/1 2:23
-0.01,2016/7/1 2:23
-0.04,2016/7/1 2:23
-0.05,2016/7/1 2:23
-0.04,2016/7/1 2:23
-0.025,2016/7/1 2:23
-0.005,2016/7/1 2:23
0.005,2016/7/1 2:23
0.01,2016/7/1 2:23
0.005,2016/7/1 2:23
-0.01,2016/7/1 2:23
-0.025,2016/7/1 2:23
-0.04,2016/7/1 2:23
-0.055,2016/7/1 2:23
-0.065,2016/7/1 2:23
-0.07,2016/7/1 2:23
-0.075,2016/7/1 2:23
-0.07,2016/7/1 2:23
-0.065,2016/7/1 2:23
-0.06,2016/7/1 2:23
-0.055,2016/7/1 2:23
-0.055,2016/7/1 2:23
-0.055,2016/7/1 2:23
-0.055,2016/7/1 2:23
-0.055,2016/7/1 2:23
-0.055,2016/7/1 2:23
-0.06,2016/7/1 2:24
-0.06,2016/7/1 2:24
-0.06,2016/7/1 2:24
-0.06,2016/7/1 2:24
-0.055,2016/7/1 2:24
-0.055,2016/7/1 2:24
-0.05,2016/7/1 2:24
-0.045,2016/7/1 2:24
-0.04,2016/7/1 2:24
-0.03,2016/7/1 2:24
-0.025,2016/7/1 2:24
-0.02,2016/7/1 2:24
-0.015,2016/7/1 2:24
-0.015,2016/7/1 2:24
-0.01,2016/7/1 2:24
-0.01,2016/7/1 2:24
-0.015,2016/7/1 2:24
-0.015,2016/7/1 2:24
-0.02,2016/7/1 2:24
-0.03,2016/7/1 2:24
-0.035,2016/7/1 2:24
-0.035,2016/7/1 2:24
-0.035,2016/7/1 2:24
-0.035,2016/7/1 2:24
-0.025,2016/7/1 2:24
-0.02,2016/7/1 2:24
-0.015,2016/7/1 2:24
-0.005,2016/7/1 2:24
-0.005,2016/7/1 2:24
0,2016/7/1 2:24
-0.005,2016/7/1 2:24
-0.005,2016/7/1 2:24
-0.01,2016/7/1 2:24
-0.015,2016/7/1 2:24
-0.015,2016/7/1 2:24
-0.015,2016/7/1 2:24
-0.01,2016/7/1 2:24
-0.01,2016/7/1 2:24
-0.01,2016/7/1 2:24
-0.01,2016/7/1 2:24
-0.01,2016/7/1 2:24
-0.01,2016/7/1 2:24
-0.01,2016/7/1 2:24
-0.005,2016/7/1 2:24
0,2016/7/1 2:24
0.01,2016/7/1 2:24
0.02,2016/7/1 2:24
0.035,2016/7/1 2:24
0.05,2016/7/1 2:24
0.06,2016/7/1 2:24
0.065,2016/7/1 2:24
0.065,2016/7/1 2:24
0.065,2016/7/1 2:24
0.06,2016/7/1 2:24
0.055,2016/7/1 2:24
0.05,2016/7/1 2:24
0.045,2016/7/1 2:24
0.045,2016/7/1 2:24
0.05,2016/7/1 2:24
0.055,2016/7/1 2:24
0.06,2016/7/1 2:25
0.065,2016/7/1 2:25
0.07,2016/7/1 2:25
0.075,2016/7/1 2:25
0.08,2016/7/1 2:25
0.085,2016/7/1 2:25
0.085,2016/7/1 2:25
0.085,2016/7/1 2:25
0.09,2016/7/1 2:25
0.09,2016/7/1 2:25
0.09,2016/7/1 2:25
0.095,2016/7/1 2:25
0.095,2016/7/1 2:25
0.105,2016/7/1 2:25
0.115,2016/7/1 2:25
0.125,2016/7/1 2:25
0.14,2016/7/1 2:25
0.16,2016/7/1 2:25
0.17,2016/7/1 2:25
0.185,2016/7/1 2:25
0.19,2016/7/1 2:25
0.19,2016/7/1 2:25
0.19,2016/7/1 2:25
0.185,2016/7/1 2:25
0.18,2016/7/1 2:25
0.175,2016/7/1 2:25
0.175,2016/7/1 2:25
0.18,2016/7/1 2:25
0.185,2016/7/1 2:25
0.195,2016/7/1 2:25
0.21,2016/7/1 2:25
0.22,2016/7/1 2:25
0.235,2016/7/1 2:25
0.245,2016/7/1 2:25
0.25,2016/7/1 2:25
0.255,2016/7/1 2:25
0.26,2016/7/1 2:25
0.265,2016/7/1 2:25
0.265,2016/7/1 2:25
0.27,2016/7/1 2:25
0.27,2016/7/1 2:25
0.27,2016/7/1 2:25
0.265,2016/7/1 2:25
0.26,2016/7/1 2:25
0.25,2016/7/1 2:25
0.24,2016/7/1 2:25
0.225,2016/7/1 2:25
0.21,2016/7/1 2:25
0.195,2016/7/1 2:25
0.18,2016/7/1 2:25
0.17,2016/7/1 2:25
0.16,2016/7/1 2:25
0.15,2016/7/1 2:25
0.14,2016/7/1 2:25
0.135,2016/7/1 2:25
0.125,2016/7/1 2:25
0.115,2016/7/1 2:25
0.11,2016/7/1 2:25
0.1,2016/7/1 2:25
0.09,2016/7/1 2:25
0.085,2016/7/1 2:26
0.075,2016/7/1 2:26
0.065,2016/7/1 2:26
0.055,2016/7/1 2:26
0.04,2016/7/1 2:26
0.03,2016/7/1 2:26
0.02,2016/7/1 2:26
0.005,2016/7/1 2:26
-0.005,2016/7/1 2:26
-0.01,2016/7/1 2:26
-0.02,2016/7/1 2:26
-0.02,2016/7/1 2:26
-0.02,2016/7/1 2:26
-0.02,2016/7/1 2:26
-0.015,2016/7/1 2:26
-0.01,2016/7/1 2:26
-0.005,2016/7/1 2:26
0,2016/7/1 2:26
0,2016/7/1 2:26
0,2016/7/1 2:26
0,2016/7/1 2:26
-0.005,2016/7/1 2:26
-0.005,2016/7/1 2:26
-0.01,2016/7/1 2:26
-0.01,2016/7/1 2:26
-0.01,2016/7/1 2:26
-0.015,2016/7/1 2:26
-0.015,2016/7/1 2:26
-0.02,2016/7/1 2:26
-0.03,2016/7/1 2:26
-0.035,2016/7/1 2:26
-0.04,2016/7/1 2:26
-0.045,2016/7/1 2:26
-0.05,2016/7/1 2:26
-0.05,2016/7/1 2:26
-0.045,2016/7/1 2:26
-0.045,2016/7/1 2:26
-0.045,2016/7/1 2:26
-0.045,2016/7/1 2:26
-0.05,2016/7/1 2:26
-0.055,2016/7/1 2:26
-0.065,2016/7/1 2:26
-0.07,2016/7/1 2:26
-0.08,2016/7/1 2:26
-0.085,2016/7/1 2:26
-0.085,2016/7/1 2:26
-0.085,2016/7/1 2:26
-0.075,2016/7/1 2:26
-0.07,2016/7/1 2:26
-0.055,2016/7/1 2:26
-0.045,2016/7/1 2:26
-0.035,2016/7/1 2:26
-0.03,2016/7/1 2:26
-0.025,2016/7/1 2:26
-0.03,2016/7/1 2:26
-0.035,2016/7/1 2:26
-0.04,2016/7/1 2:26
-0.05,2016/7/1 2:26
-0.06,2016/7/1 2:26
-0.065,2016/7/1 2:26
-0.07,2016/7/1 2:27
-0.07,2016/7/1 2:27
-0.07,2016/7/1 2:27
-0.065,2016/7/1 2:27
-0.055,2016/7/1 2:27
-0.05,2016/7/1 2:27
-0.045,2016/7/1 2:27
-0.04,2016/7/1 2:27
-0.04,2016/7/1 2:27
-0.05,2016/7/1 2:27
-0.055,2016/7/1 2:27
-0.065,2016/7/1 2:27
-0.075,2016/7/1 2:27
-0.08,2016/7/1 2:27
-0.085,2016/7/1 2:27
-0.085,2016/7/1 2:27
-0.085,2016/7/1 2:27
-0.085,2016/7/1 2:27
-0.08,2016/7/1 2:27
-0.075,2016/7/1 2:27
-0.07,2016/7/1 2:27
-0.065,2016/7/1 2:27
-0.06,2016/7/1 2:27
-0.05,2016/7/1 2:27
-0.045,2016/7/1 2:27
-0.04,2016/7/1 2:27
-0.03,2016/7/1 2:27
-0.03,2016/7/1 2:27
-0.03,2016/7/1 2:27
-0.035,2016/7/1 2:27
-0.045,2016/7/1 2:27
-0.06,2016/7/1 2:27
-0.07,2016/7/1 2:27
-0.085,2016/7/1 2:27
-0.09,2016/7/1 2:27
-0.095,2016/7/1 2:27
-0.1,2016/7/1 2:27
-0.095,2016/7/1 2:27
-0.09,2016/7/1 2:27
-0.08,2016/7/1 2:27
-0.075,2016/7/1 2:27
-0.065,2016/7/1 2:27
-0.06,2016/7/1 2:27
-0.06,2016/7/1 2:27
-0.055,2016/7/1 2:27
-0.055,2016/7/1 2:27
-0.06,2016/7/1 2:27
-0.065,2016/7/1 2:27
-0.065,2016/7/1 2:27
-0.07,2016/7/1 2:27
-0.075,2016/7/1 2:27
-0.075,2016/7/1 2:27
-0.075,2016/7/1 2:27
-0.075,2016/7/1 2:27
-0.075,2016/7/1 2:27
-0.075,2016/7/1 2:27
-0.075,2016/7/1 2:27
-0.075,2016/7/1 2:27
-0.075,2016/7/1 2:27
-0.075,2016/7/1 2:27
-0.075,2016/7/1 2:28
-0.075,2016/7/1 2:28
-0.075,2016/7/1 2:28
-0.075,2016/7/1 2:28
-0.075,2016/7/1 2:28
-0.075,2016/7/1 2:28
-0.075,2016/7/1 2:28
-0.08,2016/7/1 2:28
-0.08,2016/7/1 2:28
-0.08,2016/7/1 2:28
-0.08,2016/7/1 2:28
-0.08,2016/7/1 2:28
-0.08,2016/7/1 2:28
-0.075,2016/7/1 2:28
-0.075,2016/7/1 2:28
-0.07,2016/7/1 2:28
-0.075,2016/7/1 2:28
-0.075,2016/7/1 2:28
-0.08,2016/7/1 2:28
-0.09,2016/7/1 2:28
-0.095,2016/7/1 2:28
-0.095,2016/7/1 2:28
-0.1,2016/7/1 2:28
-0.095,2016/7/1 2:28
-0.09,2016/7/1 2:28
-0.085,2016/7/1 2:28
-0.08,2016/7/1 2:28
-0.08,2016/7/1 2:28
-0.08,2016/7/1 2:28
-0.085,2016/7/1 2:28
-0.09,2016/7/1 2:28
-0.095,2016/7/1 2:28
-0.095,2016/7/1 2:28
-0.1,2016/7/1 2:28
-0.095,2016/7/1 2:28
-0.09,2016/7/1 2:28
-0.085,2016/7/1 2:28
-0.08,2016/7/1 2:28
-0.075,2016/7/1 2:28
-0.07,2016/7/1 2:28
-0.07,2016/7/1 2:28
-0.07,2016/7/1 2:28
-0.075,2016/7/1 2:28
-0.08,2016/7/1 2:28
-0.085,2016/7/1 2:28
-0.09,2016/7/1 2:28
-0.09,2016/7/1 2:28
-0.095,2016/7/1 2:28
-0.095,2016/7/1 2:28
-0.1,2016/7/1 2:28
-0.1,2016/7/1 2:28
-0.1,2016/7/1 2:28
-0.1,2016/7/1 2:28
-0.1,2016/7/1 2:28
-0.095,2016/7/1 2:28
-0.09,2016/7/1 2:28
-0.085,2016/7/1 2:28
-0.08,2016/7/1 2:28
-0.075,2016/7/1 2:28
-0.075,2016/7/1 2:28
-0.075,2016/7/1 2:29
-0.08,2016/7/1 2:29
-0.08,2016/7/1 2:29
-0.085,2016/7/1 2:29
-0.09,2016/7/1 2:29
-0.09,2016/7/1 2:29
-0.085,2016/7/1 2:29
-0.08,2016/7/1 2:29
-0.07,2016/7/1 2:29
-0.06,2016/7/1 2:29
-0.05,2016/7/1 2:29
-0.04,2016/7/1 2:29
-0.035,2016/7/1 2:29
-0.03,2016/7/1 2:29
-0.025,2016/7/1 2:29
-0.025,2016/7/1 2:29
-0.02,2016/7/1 2:29
-0.025,2016/7/1 2:29
-0.025,2016/7/1 2:29
-0.025,2016/7/1 2:29
-0.025,2016/7/1 2:29
-0.02,2016/7/1 2:29
-0.02,2016/7/1 2:29
-0.02,2016/7/1 2:29
-0.02,2016/7/1 2:29
-0.02,2016/7/1 2:29
-0.02,2016/7/1 2:29
-0.025,2016/7/1 2:29
-0.03,2016/7/1 2:29
-0.035,2016/7/1 2:29
-0.035,2016/7/1 2:29
-0.035,2016/7/1 2:29
-0.035,2016/7/1 2:29
-0.03,2016/7/1 2:29
-0.025,2016/7/1 2:29
-0.02,2016/7/1 2:29
-0.015,2016/7/1 2:29
-0.02,2016/7/1 2:29
-0.025,2016/7/1 2:29
-0.03,2016/7/1 2:29
-0.045,2016/7/1 2:29
-0.06,2016/7/1 2:29
-0.07,2016/7/1 2:29
-0.08,2016/7/1 2:29
-0.085,2016/7/1 2:29
-0.09,2016/7/1 2:29
-0.085,2016/7/1 2:29
-0.08,2016/7/1 2:29
-0.08,2016/7/1 2:29
-0.075,2016/7/1 2:29
-0.075,2016/7/1 2:29
-0.08,2016/7/1 2:29
-0.085,2016/7/1 2:29
-0.09,2016/7/1 2:29
-0.1,2016/7/1 2:29
-0.105,2016/7/1 2:29
-0.105,2016/7/1 2:29
-0.1,2016/7/1 2:29
-0.095,2016/7/1 2:29
-0.09,2016/7/1 2:29
-0.08,2016/7/1 2:30
-0.07,2016/7/1 2:30
-0.065,2016/7/1 2:30
-0.065,2016/7/1 2:30
-0.07,2016/7/1 2:30
-0.07,2016/7/1 2:30
-0.08,2016/7/1 2:30
-0.085,2016/7/1 2:30
-0.09,2016/7/1 2:30
-0.095,2016/7/1 2:30
-0.095,2016/7/1 2:30
-0.095,2016/7/1 2:30
-0.09,2016/7/1 2:30
-0.09,2016/7/1 2:30
-0.09,2016/7/1 2:30
-0.09,2016/7/1 2:30
-0.095,2016/7/1 2:30
-0.095,2016/7/1 2:30
-0.1,2016/7/1 2:30
-0.1,2016/7/1 2:30
-0.1,2016/7/1 2:30
-0.105,2016/7/1 2:30
-0.11,2016/7/1 2:30
-0.115,2016/7/1 2:30
-0.13,2016/7/1 2:30
-0.145,2016/7/1 2:30
-0.16,2016/7/1 2:30
-0.17,2016/7/1 2:30
-0.17,2016/7/1 2:30
-0.155,2016/7/1 2:30
-0.12,2016/7/1 2:30
-0.06,2016/7/1 2:30
0.02,2016/7/1 2:30
0.13,2016/7/1 2:30
0.25,2016/7/1 2:30
0.385,2016/7/1 2:30
0.515,2016/7/1 2:30
0.64,2016/7/1 2:30
0.74,2016/7/1 2:30
0.815,2016/7/1 2:30
0.86,2016/7/1 2:30
0.86,2016/7/1 2:30
0.825,2016/7/1 2:30
0.76,2016/7/1 2:30
0.665,2016/7/1 2:30
0.545,2016/7/1 2:30
0.42,2016/7/1 2:30
0.29,2016/7/1 2:30
0.17,2016/7/1 2:30
0.07,2016/7/1 2:30
-0.01,2016/7/1 2:30
-0.06,2016/7/1 2:30
-0.09,2016/7/1 2:30
-0.095,2016/7/1 2:30
-0.085,2016/7/1 2:30
-0.07,2016/7/1 2:30
-0.05,2016/7/1 2:30
-0.035,2016/7/1 2:30
-0.025,2016/7/1 2:30
-0.03,2016/7/1 2:30
-0.04,2016/7/1 2:31
-0.05,2016/7/1 2:31
-0.07,2016/7/1 2:31
-0.085,2016/7/1 2:31
-0.095,2016/7/1 2:31
-0.1,2016/7/1 2:31
-0.1,2016/7/1 2:31
-0.095,2016/7/1 2:31
-0.09,2016/7/1 2:31
-0.08,2016/7/1 2:31
-0.075,2016/7/1 2:31
-0.075,2016/7/1 2:31
-0.075,2016/7/1 2:31
-0.08,2016/7/1 2:31
-0.085,2016/7/1 2:31
-0.09,2016/7/1 2:31
-0.095,2016/7/1 2:31
-0.1,2016/7/1 2:31
-0.1,2016/7/1 2:31
-0.1,2016/7/1 2:31
-0.1,2016/7/1 2:31
-0.095,2016/7/1 2:31
-0.095,2016/7/1 2:31
-0.095,2016/7/1 2:31
-0.09,2016/7/1 2:31
-0.09,2016/7/1 2:31
-0.09,2016/7/1 2:31
-0.085,2016/7/1 2:31
-0.085,2016/7/1 2:31
-0.08,2016/7/1 2:31
-0.075,2016/7/1 2:31
-0.07,2016/7/1 2:31
-0.065,2016/7/1 2:31
-0.065,2016/7/1 2:31
-0.06,2016/7/1 2:31
-0.06,2016/7/1 2:31
-0.06,2016/7/1 2:31
-0.06,2016/7/1 2:31
-0.065,2016/7/1 2:31
-0.065,2016/7/1 2:31
-0.065,2016/7/1 2:31
-0.06,2016/7/1 2:31
-0.06,2016/7/1 2:31
-0.06,2016/7/1 2:31
-0.06,2016/7/1 2:31
-0.06,2016/7/1 2:31
-0.06,2016/7/1 2:31
-0.06,2016/7/1 2:31
-0.065,2016/7/1 2:31
-0.065,2016/7/1 2:31
-0.06,2016/7/1 2:31
-0.06,2016/7/1 2:31
-0.055,2016/7/1 2:31
-0.05,2016/7/1 2:31
-0.045,2016/7/1 2:31
-0.045,2016/7/1 2:31
-0.045,2016/7/1 2:31
-0.05,2016/7/1 2:31
-0.055,2016/7/1 2:31
-0.06,2016/7/1 2:31
-0.065,2016/7/1 2:32
-0.065,2016/7/1 2:32
-0.065,2016/7/1 2:32
-0.06,2016/7/1 2:32
-0.05,2016/7/1 2:32
-0.035,2016/7/1 2:32
-0.025,2016/7/1 2:32
-0.015,2016/7/1 2:32
-0.005,2016/7/1 2:32
0,2016/7/1 2:32
0,2016/7/1 2:32
0,2016/7/1 2:32
0,2016/7/1 2:32
-0.005,2016/7/1 2:32
-0.01,2016/7/1 2:32
-0.01,2016/7/1 2:32
-0.01,2016/7/1 2:32
-0.005,2016/7/1 2:32
0,2016/7/1 2:32
0.01,2016/7/1 2:32
0.02,2016/7/1 2:32
0.03,2016/7/1 2:32
0.035,2016/7/1 2:32
0.04,2016/7/1 2:32
0.045,2016/7/1 2:32
0.045,2016/7/1 2:32
0.045,2016/7/1 2:32
0.05,2016/7/1 2:32
0.05,2016/7/1 2:32
0.05,2016/7/1 2:32
0.055,2016/7/1 2:32
0.06,2016/7/1 2:32
0.07,2016/7/1 2:32
0.08,2016/7/1 2:32
0.09,2016/7/1 2:32
0.095,2016/7/1 2:32
0.105,2016/7/1 2:32
0.11,2016/7/1 2:32
0.115,2016/7/1 2:32
0.115,2016/7/1 2:32
0.12,2016/7/1 2:32
0.125,2016/7/1 2:32
0.135,2016/7/1 2:32
0.14,2016/7/1 2:32
0.15,2016/7/1 2:32
0.155,2016/7/1 2:32
0.165,2016/7/1 2:32
0.17,2016/7/1 2:32
0.17,2016/7/1 2:32
0.17,2016/7/1 2:32
0.17,2016/7/1 2:32
0.165,2016/7/1 2:32
0.165,2016/7/1 2:32
0.165,2016/7/1 2:32
0.165,2016/7/1 2:32
0.165,2016/7/1 2:32
0.17,2016/7/1 2:32
0.17,2016/7/1 2:32
0.17,2016/7/1 2:32
0.17,2016/7/1 2:32
0.17,2016/7/1 2:33
0.165,2016/7/1 2:33
0.16,2016/7/1 2:33
0.15,2016/7/1 2:33
0.145,2016/7/1 2:33
0.135,2016/7/1 2:33
0.125,2016/7/1 2:33
0.115,2016/7/1 2:33
0.105,2016/7/1 2:33
0.095,2016/7/1 2:33
0.085,2016/7/1 2:33
0.07,2016/7/1 2:33
0.06,2016/7/1 2:33
0.05,2016/7/1 2:33
0.04,2016/7/1 2:33
0.03,2016/7/1 2:33
0.02,2016/7/1 2:33
0.015,2016/7/1 2:33
0.005,2016/7/1 2:33
0,2016/7/1 2:33
-0.005,2016/7/1 2:33
-0.01,2016/7/1 2:33
-0.015,2016/7/1 2:33
-0.02,2016/7/1 2:33
-0.02,2016/7/1 2:33
-0.025,2016/7/1 2:33
-0.03,2016/7/1 2:33
-0.03,2016/7/1 2:33
-0.035,2016/7/1 2:33
-0.035,2016/7/1 2:33
-0.04,2016/7/1 2:33
-0.045,2016/7/1 2:33
-0.05,2016/7/1 2:33
-0.055,2016/7/1 2:33
-0.06,2016/7/1 2:33
-0.065,2016/7/1 2:33
-0.07,2016/7/1 2:33
-0.075,2016/7/1 2:33
-0.075,2016/7/1 2:33
-0.07,2016/7/1 2:33
-0.065,2016/7/1 2:33
-0.06,2016/7/1 2:33
-0.055,2016/7/1 2:33
-0.05,2016/7/1 2:33
-0.045,2016/7/1 2:33
-0.04,2016/7/1 2:33
-0.04,2016/7/1 2:33
-0.045,2016/7/1 2:33
-0.05,2016/7/1 2:33
-0.055,2016/7/1 2:33
-0.06,2016/7/1 2:33
-0.07,2016/7/1 2:33
-0.075,2016/7/1 2:33
-0.085,2016/7/1 2:33
-0.09,2016/7/1 2:33
-0.09,2016/7/1 2:33
-0.095,2016/7/1 2:33
-0.09,2016/7/1 2:33
-0.085,2016/7/1 2:33
-0.08,2016/7/1 2:33
-0.07,2016/7/1 2:34
-0.06,2016/7/1 2:34
-0.055,2016/7/1 2:34
-0.05,2016/7/1 2:34
-0.045,2016/7/1 2:34
-0.045,2016/7/1 2:34
-0.045,2016/7/1 2:34
-0.05,2016/7/1 2:34
-0.055,2016/7/1 2:34
-0.06,2016/7/1 2:34
-0.065,2016/7/1 2:34
-0.065,2016/7/1 2:34
-0.065,2016/7/1 2:34
-0.06,2016/7/1 2:34
-0.06,2016/7/1 2:34
-0.055,2016/7/1 2:34
-0.05,2016/7/1 2:34
-0.05,2016/7/1 2:34
-0.05,2016/7/1 2:34
-0.05,2016/7/1 2:34
-0.055,2016/7/1 2:34
-0.055,2016/7/1 2:34
-0.06,2016/7/1 2:34
-0.065,2016/7/1 2:34
-0.07,2016/7/1 2:34
-0.07,2016/7/1 2:34
-0.07,2016/7/1 2:34
-0.065,2016/7/1 2:34
-0.065,2016/7/1 2:34
-0.06,2016/7/1 2:34
-0.06,2016/7/1 2:34
-0.06,2016/7/1 2:34
-0.055,2016/7/1 2:34
-0.055,2016/7/1 2:34
-0.055,2016/7/1 2:34
-0.055,2016/7/1 2:34
-0.05,2016/7/1 2:34
-0.04,2016/7/1 2:34
-0.035,2016/7/1 2:34
-0.03,2016/7/1 2:34
-0.025,2016/7/1 2:34
-0.025,2016/7/1 2:34
-0.03,2016/7/1 2:34
-0.035,2016/7/1 2:34
-0.045,2016/7/1 2:34
-0.055,2016/7/1 2:34
-0.06,2016/7/1 2:34
-0.065,2016/7/1 2:34
-0.065,2016/7/1 2:34
-0.055,2016/7/1 2:34
-0.05,2016/7/1 2:34
-0.045,2016/7/1 2:34
-0.04,2016/7/1 2:34
-0.04,2016/7/1 2:34
-0.04,2016/7/1 2:34
-0.05,2016/7/1 2:34
-0.055,2016/7/1 2:34
-0.06,2016/7/1 2:34
-0.06,2016/7/1 2:34
-0.06,2016/7/1 2:34
-0.055,2016/7/1 2:35
-0.045,2016/7/1 2:35
-0.04,2016/7/1 2:35
-0.035,2016/7/1 2:35
-0.035,2016/7/1 2:35
-0.04,2016/7/1 2:35
-0.05,2016/7/1 2:35
-0.055,2016/7/1 2:35
-0.065,2016/7/1 2:35
-0.065,2016/7/1 2:35
-0.065,2016/7/1 2:35
-0.055,2016/7/1 2:35
-0.045,2016/7/1 2:35
-0.035,2016/7/1 2:35
-0.03,2016/7/1 2:35
-0.025,2016/7/1 2:35
-0.025,2016/7/1 2:35
-0.03,2016/7/1 2:35
-0.035,2016/7/1 2:35
-0.04,2016/7/1 2:35
-0.045,2016/7/1 2:35
-0.04,2016/7/1 2:35
-0.04,2016/7/1 2:35
-0.035,2016/7/1 2:35
-0.03,2016/7/1 2:35
-0.025,2016/7/1 2:35
-0.03,2016/7/1 2:35
-0.035,2016/7/1 2:35
-0.045,2016/7/1 2:35
-0.055,2016/7/1 2:35
-0.065,2016/7/1 2:35
-0.07,2016/7/1 2:35
-0.075,2016/7/1 2:35
-0.07,2016/7/1 2:35
-0.06,2016/7/1 2:35
-0.045,2016/7/1 2:35
-0.035,2016/7/1 2:35
-0.02,2016/7/1 2:35
-0.015,2016/7/1 2:35
-0.01,2016/7/1 2:35
-0.01,2016/7/1 2:35
-0.01,2016/7/1 2:35
-0.015,2016/7/1 2:35
-0.025,2016/7/1 2:35
-0.03,2016/7/1 2:35
-0.04,2016/7/1 2:35
-0.045,2016/7/1 2:35
-0.05,2016/7/1 2:35
-0.05,2016/7/1 2:35
-0.05,2016/7/1 2:35
-0.045,2016/7/1 2:35
-0.04,2016/7/1 2:35
-0.035,2016/7/1 2:35
-0.03,2016/7/1 2:35
-0.025,2016/7/1 2:35
-0.02,2016/7/1 2:35
-0.02,2016/7/1 2:35
-0.02,2016/7/1 2:35
-0.02,2016/7/1 2:35
-0.02,2016/7/1 2:35
-0.015,2016/7/1 2:36
-0.015,2016/7/1 2:36
-0.01,2016/7/1 2:36
-0.01,2016/7/1 2:36
-0.005,2016/7/1 2:36
-0.005,2016/7/1 2:36
-0.01,2016/7/1 2:36
-0.015,2016/7/1 2:36
-0.025,2016/7/1 2:36
-0.03,2016/7/1 2:36
-0.04,2016/7/1 2:36
-0.045,2016/7/1 2:36
-0.045,2016/7/1 2:36
-0.045,2016/7/1 2:36
-0.035,2016/7/1 2:36
-0.03,2016/7/1 2:36
-0.02,2016/7/1 2:36
-0.01,2016/7/1 2:36
-0.01,2016/7/1 2:36
-0.005,2016/7/1 2:36
-0.005,2016/7/1 2:36
-0.01,2016/7/1 2:36
-0.01,2016/7/1 2:36
-0.005,2016/7/1 2:36
0,2016/7/1 2:36
0.005,2016/7/1 2:36
0.015,2016/7/1 2:36
0.02,2016/7/1 2:36
0.03,2016/7/1 2:36
0.03,2016/7/1 2:36
0.035,2016/7/1 2:36
0.03,2016/7/1 2:36
0.025,2016/7/1 2:36
0.025,2016/7/1 2:36
0.025,2016/7/1 2:36
0.025,2016/7/1 2:36
0.03,2016/7/1 2:36
0.035,2016/7/1 2:36
0.045,2016/7/1 2:36
0.045,2016/7/1 2:36
0.045,2016/7/1 2:36
0.04,2016/7/1 2:36
0.03,2016/7/1 2:36
0.015,2016/7/1 2:36
0,2016/7/1 2:36
-0.015,2016/7/1 2:36
-0.025,2016/7/1 2:36
-0.03,2016/7/1 2:36
-0.03,2016/7/1 2:36
-0.025,2016/7/1 2:36
-0.02,2016/7/1 2:36
-0.02,2016/7/1 2:36
-0.015,2016/7/1 2:36
-0.02,2016/7/1 2:36
-0.025,2016/7/1 2:36
-0.03,2016/7/1 2:36
-0.035,2016/7/1 2:36
-0.04,2016/7/1 2:36
-0.04,2016/7/1 2:36
-0.04,2016/7/1 2:36
-0.035,2016/7/1 2:37
-0.035,2016/7/1 2:37
-0.035,2016/7/1 2:37
-0.04,2016/7/1 2:37
-0.045,2016/7/1 2:37
-0.055,2016/7/1 2:37
-0.06,2016/7/1 2:37
-0.07,2016/7/1 2:37
-0.07,2016/7/1 2:37
-0.07,2016/7/1 2:37
-0.065,2016/7/1 2:37
-0.055,2016/7/1 2:37
-0.045,2016/7/1 2:37
-0.035,2016/7/1 2:37
-0.03,2016/7/1 2:37
-0.025,2016/7/1 2:37
-0.02,2016/7/1 2:37
-0.025,2016/7/1 2:37
-0.03,2016/7/1 2:37
-0.035,2016/7/1 2:37
-0.045,2016/7/1 2:37
-0.05,2016/7/1 2:37
-0.055,2016/7/1 2:37
-0.055,2016/7/1 2:37
-0.06,2016/7/1 2:37
-0.055,2016/7/1 2:37
-0.055,2016/7/1 2:37
-0.05,2016/7/1 2:37
-0.045,2016/7/1 2:37
-0.045,2016/7/1 2:37
-0.04,2016/7/1 2:37
-0.045,2016/7/1 2:37
-0.045,2016/7/1 2:37
-0.055,2016/7/1 2:37
-0.065,2016/7/1 2:37
-0.08,2016/7/1 2:37
-0.09,2016/7/1 2:37
-0.095,2016/7/1 2:37
-0.09,2016/7/1 2:37
-0.07,2016/7/1 2:37
-0.03,2016/7/1 2:37
0.025,2016/7/1 2:37
0.105,2016/7/1 2:37
0.205,2016/7/1 2:37
0.315,2016/7/1 2:37
0.44,2016/7/1 2:37
0.565,2016/7/1 2:37
0.68,2016/7/1 2:37
0.775,2016/7/1 2:37
0.84,2016/7/1 2:37
0.87,2016/7/1 2:37
0.855,2016/7/1 2:37
0.795,2016/7/1 2:37
0.705,2016/7/1 2:37
0.585,2016/7/1 2:37
0.45,2016/7/1 2:37
0.315,2016/7/1 2:37
0.19,2016/7/1 2:37
0.09,2016/7/1 2:37
0.02,2016/7/1 2:37
-0.025,2016/7/1 2:38
-0.035,2016/7/1 2:38
-0.03,2016/7/1 2:38
-0.015,2016/7/1 2:38
0.005,2016/7/1 2:38
0.025,2016/7/1 2:38
0.03,2016/7/1 2:38
0.03,2016/7/1 2:38
0.025,2016/7/1 2:38
0.01,2016/7/1 2:38
-0.01,2016/7/1 2:38
-0.025,2016/7/1 2:38
-0.04,2016/7/1 2:38
-0.05,2016/7/1 2:38
-0.055,2016/7/1 2:38
-0.05,2016/7/1 2:38
-0.05,2016/7/1 2:38
-0.04,2016/7/1 2:38
-0.035,2016/7/1 2:38
-0.03,2016/7/1 2:38
-0.02,2016/7/1 2:38
-0.015,2016/7/1 2:38
-0.01,2016/7/1 2:38
-0.01,2016/7/1 2:38
-0.01,2016/7/1 2:38
-0.01,2016/7/1 2:38
-0.01,2016/7/1 2:38
-0.01,2016/7/1 2:38
-0.015,2016/7/1 2:38
-0.015,2016/7/1 2:38
-0.015,2016/7/1 2:38
-0.015,2016/7/1 2:38
-0.015,2016/7/1 2:38
-0.01,2016/7/1 2:38
-0.01,2016/7/1 2:38
-0.005,2016/7/1 2:38
-0.005,2016/7/1 2:38
-0.005,2016/7/1 2:38
-0.005,2016/7/1 2:38
-0.01,2016/7/1 2:38
-0.015,2016/7/1 2:38
-0.02,2016/7/1 2:38
-0.025,2016/7/1 2:38
-0.03,2016/7/1 2:38
-0.03,2016/7/1 2:38
-0.035,2016/7/1 2:38
-0.035,2016/7/1 2:38
-0.035,2016/7/1 2:38
-0.03,2016/7/1 2:38
-0.025,2016/7/1 2:38
-0.02,2016/7/1 2:38
-0.015,2016/7/1 2:38
-0.015,2016/7/1 2:38
-0.01,2016/7/1 2:38
-0.01,2016/7/1 2:38
-0.01,2016/7/1 2:38
-0.01,2016/7/1 2:38
-0.01,2016/7/1 2:38
-0.01,2016/7/1 2:38
-0.01,2016/7/1 2:38
-0.005,2016/7/1 2:39
-0.005,2016/7/1 2:39
-0.005,2016/7/1 2:39
0,2016/7/1 2:39
0.005,2016/7/1 2:39
0.005,2016/7/1 2:39
0.005,2016/7/1 2:39
0.005,2016/7/1 2:39
0.005,2016/7/1 2:39
0.005,2016/7/1 2:39
0.005,2016/7/1 2:39
0.005,2016/7/1 2:39
0.005,2016/7/1 2:39
0.01,2016/7/1 2:39
0.015,2016/7/1 2:39
0.02,2016/7/1 2:39
0.025,2016/7/1 2:39
0.03,2016/7/1 2:39
0.035,2016/7/1 2:39
0.04,2016/7/1 2:39
0.04,2016/7/1 2:39
0.04,2016/7/1 2:39
0.04,2016/7/1 2:39
0.045,2016/7/1 2:39
0.045,2016/7/1 2:39
0.05,2016/7/1 2:39
0.055,2016/7/1 2:39
0.06,2016/7/1 2:39
0.065,2016/7/1 2:39
0.065,2016/7/1 2:39
0.065,2016/7/1 2:39
0.065,2016/7/1 2:39
0.065,2016/7/1 2:39
0.06,2016/7/1 2:39
0.055,2016/7/1 2:39
0.055,2016/7/1 2:39
0.05,2016/7/1 2:39
0.05,2016/7/1 2:39
0.05,2016/7/1 2:39
0.055,2016/7/1 2:39
0.055,2016/7/1 2:39
0.06,2016/7/1 2:39
0.065,2016/7/1 2:39
0.07,2016/7/1 2:39
0.08,2016/7/1 2:39
0.09,2016/7/1 2:39
0.105,2016/7/1 2:39
0.12,2016/7/1 2:39
0.135,2016/7/1 2:39
0.145,2016/7/1 2:39
0.16,2016/7/1 2:39
0.165,2016/7/1 2:39
0.165,2016/7/1 2:39
0.165,2016/7/1 2:39
0.165,2016/7/1 2:39
0.16,2016/7/1 2:39
0.155,2016/7/1 2:39
0.155,2016/7/1 2:39
0.155,2016/7/1 2:39
0.155,2016/7/1 2:39
0.16,2016/7/1 2:40
0.165,2016/7/1 2:40
0.17,2016/7/1 2:40
0.175,2016/7/1 2:40
0.18,2016/7/1 2:40
0.185,2016/7/1 2:40
0.185,2016/7/1 2:40
0.19,2016/7/1 2:40
0.185,2016/7/1 2:40
0.185,2016/7/1 2:40
0.18,2016/7/1 2:40
0.17,2016/7/1 2:40
0.155,2016/7/1 2:40
0.14,2016/7/1 2:40
0.125,2016/7/1 2:40
0.11,2016/7/1 2:40
0.095,2016/7/1 2:40
0.085,2016/7/1 2:40
0.08,2016/7/1 2:40
0.075,2016/7/1 2:40
0.075,2016/7/1 2:40
0.075,2016/7/1 2:40
0.07,2016/7/1 2:40
0.065,2016/7/1 2:40
0.055,2016/7/1 2:40
0.04,2016/7/1 2:40
0.025,2016/7/1 2:40
0.01,2016/7/1 2:40
-0.005,2016/7/1 2:40
-0.01,2016/7/1 2:40
-0.02,2016/7/1 2:40
-0.025,2016/7/1 2:40
-0.03,2016/7/1 2:40
-0.035,2016/7/1 2:40
-0.04,2016/7/1 2:40
-0.05,2016/7/1 2:40
-0.06,2016/7/1 2:40
-0.065,2016/7/1 2:40
-0.07,2016/7/1 2:40
-0.07,2016/7/1 2:40
-0.06,2016/7/1 2:40
-0.055,2016/7/1 2:40
-0.045,2016/7/1 2:40
-0.04,2016/7/1 2:40
-0.035,2016/7/1 2:40
-0.045,2016/7/1 2:40
-0.055,2016/7/1 2:40
-0.07,2016/7/1 2:40
-0.085,2016/7/1 2:40
-0.1,2016/7/1 2:40
-0.105,2016/7/1 2:40
-0.1,2016/7/1 2:40
-0.09,2016/7/1 2:40
-0.075,2016/7/1 2:40
-0.06,2016/7/1 2:40
-0.045,2016/7/1 2:40
-0.04,2016/7/1 2:40
-0.045,2016/7/1 2:40
-0.055,2016/7/1 2:40
-0.075,2016/7/1 2:40
-0.095,2016/7/1 2:41
-0.115,2016/7/1 2:41
-0.125,2016/7/1 2:41
-0.13,2016/7/1 2:41
-0.12,2016/7/1 2:41
-0.11,2016/7/1 2:41
-0.095,2016/7/1 2:41
-0.08,2016/7/1 2:41
-0.065,2016/7/1 2:41
-0.06,2016/7/1 2:41
-0.055,2016/7/1 2:41
-0.06,2016/7/1 2:41
-0.065,2016/7/1 2:41
-0.07,2016/7/1 2:41
-0.07,2016/7/1 2:41
-0.07,2016/7/1 2:41
-0.07,2016/7/1 2:41
-0.065,2016/7/1 2:41
-0.06,2016/7/1 2:41
-0.055,2016/7/1 2:41
-0.05,2016/7/1 2:41
-0.05,2016/7/1 2:41
-0.05,2016/7/1 2:41
-0.05,2016/7/1 2:41
-0.05,2016/7/1 2:41
-0.05,2016/7/1 2:41
-0.045,2016/7/1 2:41
-0.045,2016/7/1 2:41
-0.045,2016/7/1 2:41
-0.05,2016/7/1 2:41
-0.055,2016/7/1 2:41
-0.06,2016/7/1 2:41
-0.07,2016/7/1 2:41
-0.07,2016/7/1 2:41
-0.075,2016/7/1 2:41
-0.07,2016/7/1 2:41
-0.06,2016/7/1 2:41
-0.055,2016/7/1 2:41
-0.045,2016/7/1 2:41
-0.045,2016/7/1 2:41
-0.045,2016/7/1 2:41
-0.05,2016/7/1 2:41
-0.055,2016/7/1 2:41
-0.065,2016/7/1 2:41
-0.07,2016/7/1 2:41
-0.075,2016/7/1 2:41
-0.07,2016/7/1 2:41
-0.065,2016/7/1 2:41
-0.055,2016/7/1 2:41
-0.045,2016/7/1 2:41
-0.035,2016/7/1 2:41
-0.035,2016/7/1 2:41
-0.035,2016/7/1 2:41
-0.04,2016/7/1 2:41
-0.05,2016/7/1 2:41
-0.06,2016/7/1 2:41
-0.065,2016/7/1 2:41
-0.065,2016/7/1 2:41
-0.06,2016/7/1 2:41
-0.05,2016/7/1 2:41
-0.04,2016/7/1 2:42
-0.03,2016/7/1 2:42
-0.03,2016/7/1 2:42
-0.03,2016/7/1 2:42
-0.035,2016/7/1 2:42
-0.05,2016/7/1 2:42
-0.06,2016/7/1 2:42
-0.07,2016/7/1 2:42
-0.08,2016/7/1 2:42
-0.085,2016/7/1 2:42
-0.085,2016/7/1 2:42
-0.08,2016/7/1 2:42
-0.075,2016/7/1 2:42
-0.07,2016/7/1 2:42
-0.065,2016/7/1 2:42
-0.06,2016/7/1 2:42
-0.055,2016/7/1 2:42
-0.055,2016/7/1 2:42
-0.05,2016/7/1 2:42
-0.05,2016/7/1 2:42
-0.045,2016/7/1 2:42
-0.045,2016/7/1 2:42
-0.045,2016/7/1 2:42
-0.045,2016/7/1 2:42
-0.05,2016/7/1 2:42
-0.055,2016/7/1 2:42
-0.06,2016/7/1 2:42
-0.07,2016/7/1 2:42
-0.075,2016/7/1 2:42
-0.085,2016/7/1 2:42
-0.09,2016/7/1 2:42
-0.09,2016/7/1 2:42
-0.09,2016/7/1 2:42
-0.09,2016/7/1 2:42
-0.085,2016/7/1 2:42
-0.08,2016/7/1 2:42
-0.075,2016/7/1 2:42
-0.07,2016/7/1 2:42
-0.07,2016/7/1 2:42
-0.065,2016/7/1 2:42
-0.065,2016/7/1 2:42
-0.065,2016/7/1 2:42
-0.07,2016/7/1 2:42
-0.07,2016/7/1 2:42
-0.075,2016/7/1 2:42
-0.075,2016/7/1 2:42
-0.08,2016/7/1 2:42
-0.08,2016/7/1 2:42
-0.075,2016/7/1 2:42
-0.075,2016/7/1 2:42
-0.07,2016/7/1 2:42
-0.06,2016/7/1 2:42
-0.06,2016/7/1 2:42
-0.055,2016/7/1 2:42
-0.055,2016/7/1 2:42
-0.055,2016/7/1 2:42
-0.06,2016/7/1 2:42
-0.065,2016/7/1 2:42
-0.07,2016/7/1 2:42
-0.075,2016/7/1 2:42
-0.075,2016/7/1 2:43
-0.075,2016/7/1 2:43
-0.07,2016/7/1 2:43
-0.065,2016/7/1 2:43
-0.055,2016/7/1 2:43
-0.045,2016/7/1 2:43
-0.035,2016/7/1 2:43
-0.03,2016/7/1 2:43
-0.025,2016/7/1 2:43
-0.025,2016/7/1 2:43
-0.025,2016/7/1 2:43
-0.025,2016/7/1 2:43
-0.03,2016/7/1 2:43
-0.03,2016/7/1 2:43
-0.03,2016/7/1 2:43
-0.025,2016/7/1 2:43
-0.025,2016/7/1 2:43
-0.02,2016/7/1 2:43
-0.02,2016/7/1 2:43
-0.02,2016/7/1 2:43
-0.015,2016/7/1 2:43
-0.015,2016/7/1 2:43
-0.02,2016/7/1 2:43
-0.02,2016/7/1 2:43
-0.015,2016/7/1 2:43
-0.015,2016/7/1 2:43
-0.01,2016/7/1 2:43
-0.005,2016/7/1 2:43
0,2016/7/1 2:43
0.005,2016/7/1 2:43
0.01,2016/7/1 2:43
0.01,2016/7/1 2:43
0.01,2016/7/1 2:43
0.01,2016/7/1 2:43
0.01,2016/7/1 2:43
0.01,2016/7/1 2:43
0.005,2016/7/1 2:43
0,2016/7/1 2:43
0,2016/7/1 2:43
-0.005,2016/7/1 2:43
-0.015,2016/7/1 2:43
-0.02,2016/7/1 2:43
-0.03,2016/7/1 2:43
-0.04,2016/7/1 2:43
-0.045,2016/7/1 2:43
-0.05,2016/7/1 2:43
-0.055,2016/7/1 2:43
-0.055,2016/7/1 2:43
-0.05,2016/7/1 2:43
-0.05,2016/7/1 2:43
-0.045,2016/7/1 2:43
-0.045,2016/7/1 2:43
-0.045,2016/7/1 2:43
-0.05,2016/7/1 2:43
-0.055,2016/7/1 2:43
-0.06,2016/7/1 2:43
-0.065,2016/7/1 2:43
-0.07,2016/7/1 2:43
-0.07,2016/7/1 2:43
-0.075,2016/7/1 2:43
-0.075,2016/7/1 2:44
-0.075,2016/7/1 2:44
-0.07,2016/7/1 2:44
-0.07,2016/7/1 2:44
-0.07,2016/7/1 2:44
-0.065,2016/7/1 2:44
-0.065,2016/7/1 2:44
-0.06,2016/7/1 2:44
-0.06,2016/7/1 2:44
-0.055,2016/7/1 2:44
-0.05,2016/7/1 2:44
-0.05,2016/7/1 2:44
-0.045,2016/7/1 2:44
-0.045,2016/7/1 2:44
-0.05,2016/7/1 2:44
-0.05,2016/7/1 2:44
-0.05,2016/7/1 2:44
-0.05,2016/7/1 2:44
-0.05,2016/7/1 2:44
-0.05,2016/7/1 2:44
-0.05,2016/7/1 2:44
-0.055,2016/7/1 2:44
-0.06,2016/7/1 2:44
-0.07,2016/7/1 2:44
-0.08,2016/7/1 2:44
-0.1,2016/7/1 2:44
-0.115,2016/7/1 2:44
-0.125,2016/7/1 2:44
-0.13,2016/7/1 2:44
-0.12,2016/7/1 2:44
-0.09,2016/7/1 2:44
-0.035,2016/7/1 2:44
0.04,2016/7/1 2:44
0.14,2016/7/1 2:44
0.26,2016/7/1 2:44
0.385,2016/7/1 2:44
0.515,2016/7/1 2:44
0.63,2016/7/1 2:44
0.725,2016/7/1 2:44
0.785,2016/7/1 2:44
0.81,2016/7/1 2:44
0.79,2016/7/1 2:44
0.735,2016/7/1 2:44
0.645,2016/7/1 2:44
0.535,2016/7/1 2:44
0.42,2016/7/1 2:44
0.3,2016/7/1 2:44
0.195,2016/7/1 2:44
0.105,2016/7/1 2:44
0.035,2016/7/1 2:44
-0.01,2016/7/1 2:44
-0.04,2016/7/1 2:44
-0.05,2016/7/1 2:44
-0.05,2016/7/1 2:44
-0.045,2016/7/1 2:44
-0.03,2016/7/1 2:44
-0.02,2016/7/1 2:44
-0.01,2016/7/1 2:44
-0.005,2016/7/1 2:44
-0.005,2016/7/1 2:44
-0.005,2016/7/1 2:45
-0.015,2016/7/1 2:45
-0.03,2016/7/1 2:45
-0.045,2016/7/1 2:45
-0.06,2016/7/1 2:45
-0.07,2016/7/1 2:45
-0.08,2016/7/1 2:45
-0.08,2016/7/1 2:45
-0.075,2016/7/1 2:45
-0.07,2016/7/1 2:45
-0.055,2016/7/1 2:45
-0.045,2016/7/1 2:45
-0.035,2016/7/1 2:45
-0.025,2016/7/1 2:45
-0.025,2016/7/1 2:45
-0.03,2016/7/1 2:45
-0.035,2016/7/1 2:45
-0.04,2016/7/1 2:45
-0.05,2016/7/1 2:45
-0.055,2016/7/1 2:45
-0.055,2016/7/1 2:45
-0.055,2016/7/1 2:45
-0.05,2016/7/1 2:45
-0.045,2016/7/1 2:45
-0.04,2016/7/1 2:45
-0.035,2016/7/1 2:45
-0.035,2016/7/1 2:45
-0.03,2016/7/1 2:45
-0.03,2016/7/1 2:45
-0.03,2016/7/1 2:45
-0.03,2016/7/1 2:45
-0.03,2016/7/1 2:45
-0.03,2016/7/1 2:45
-0.03,2016/7/1 2:45
-0.025,2016/7/1 2:45
-0.025,2016/7/1 2:45
-0.025,2016/7/1 2:45
-0.025,2016/7/1 2:45
-0.03,2016/7/1 2:45
-0.035,2016/7/1 2:45
-0.04,2016/7/1 2:45
-0.045,2016/7/1 2:45
-0.05,2016/7/1 2:45
-0.055,2016/7/1 2:45
-0.055,2016/7/1 2:45
-0.055,2016/7/1 2:45
-0.055,2016/7/1 2:45
-0.055,2016/7/1 2:45
-0.055,2016/7/1 2:45
-0.05,2016/7/1 2:45
-0.05,2016/7/1 2:45
-0.055,2016/7/1 2:45
-0.055,2016/7/1 2:45
-0.06,2016/7/1 2:45
-0.06,2016/7/1 2:45
-0.06,2016/7/1 2:45
-0.055,2016/7/1 2:45
-0.05,2016/7/1 2:45
-0.04,2016/7/1 2:45
-0.03,2016/7/1 2:45
-0.02,2016/7/1 2:46
-0.01,2016/7/1 2:46
-0.005,2016/7/1 2:46
0,2016/7/1 2:46
0,2016/7/1 2:46
-0.005,2016/7/1 2:46
-0.005,2016/7/1 2:46
-0.01,2016/7/1 2:46
-0.01,2016/7/1 2:46
-0.01,2016/7/1 2:46
-0.005,2016/7/1 2:46
-0.005,2016/7/1 2:46
0,2016/7/1 2:46
0.005,2016/7/1 2:46
0.005,2016/7/1 2:46
0.005,2016/7/1 2:46
0.005,2016/7/1 2:46
0.005,2016/7/1 2:46
0.005,2016/7/1 2:46
0.005,2016/7/1 2:46
0.005,2016/7/1 2:46
0.005,2016/7/1 2:46
0.005,2016/7/1 2:46
0.01,2016/7/1 2:46
0.015,2016/7/1 2:46
0.02,2016/7/1 2:46
0.02,2016/7/1 2:46
0.025,2016/7/1 2:46
0.03,2016/7/1 2:46
0.03,2016/7/1 2:46
0.035,2016/7/1 2:46
0.04,2016/7/1 2:46
0.045,2016/7/1 2:46
0.045,2016/7/1 2:46
0.05,2016/7/1 2:46
0.06,2016/7/1 2:46
0.065,2016/7/1 2:46
0.07,2016/7/1 2:46
0.08,2016/7/1 2:46
0.085,2016/7/1 2:46
0.095,2016/7/1 2:46
